item_id,name,total_gold,FlatHPPoolMod,rFlatHPModPerLevel,FlatMPPoolMod,rFlatMPModPerLevel,PercentHPPoolMod,PercentMPPoolMod,FlatHPRegenMod,rFlatHPRegenModPerLevel,PercentHPRegenMod,FlatMPRegenMod,rFlatMPRegenModPerLevel,PercentMPRegenMod,FlatArmorMod,rFlatArmorModPerLevel,PercentArmorMod,rFlatArmorPenetrationMod,rFlatArmorPenetrationModPerLevel,rPercentArmorPenetrationMod,rPercentArmorPenetrationModPerLevel,FlatPhysicalDamageMod,rFlatPhysicalDamageModPerLevel,PercentPhysicalDamageMod,FlatMagicDamageMod,rFlatMagicDamageModPerLevel,PercentMagicDamageMod,FlatMovementSpeedMod,rFlatMovementSpeedModPerLevel,PercentMovementSpeedMod,rPercentMovementSpeedModPerLevel,FlatAttackSpeedMod,PercentAttackSpeedMod,rPercentAttackSpeedModPerLevel,rFlatDodgeMod,rFlatDodgeModPerLevel,PercentDodgeMod,FlatCritChanceMod,rFlatCritChanceModPerLevel,PercentCritChanceMod,FlatCritDamageMod,rFlatCritDamageModPerLevel,PercentCritDamageMod,FlatBlockMod,PercentBlockMod,FlatSpellBlockMod,rFlatSpellBlockModPerLevel,PercentSpellBlockMod,FlatEXPBonus,PercentEXPBonus,rPercentCooldownMod,rPercentCooldownModPerLevel,rFlatTimeDeadMod,rFlatTimeDeadModPerLevel,rPercentTimeDeadMod,rPercentTimeDeadModPerLevel,rFlatGoldPer10Mod,rFlatMagicPenetrationMod,rFlatMagicPenetrationModPerLevel,rPercentMagicPenetrationMod,rPercentMagicPenetrationModPerLevel,FlatEnergyRegenMod,rFlatEnergyRegenModPerLevel,FlatEnergyPoolMod,rFlatEnergyModPerLevel,PercentLifeStealMod,PercentSpellVampMod
1001,Boots,300,0,0,0,0,0,0,0.0,0,0,0,0,0,0,0,0,0,0,0,0,0,0,0,0,0,0,25,0,0.0,0,0,0.0,0,0,0,0,0.0,0,0,0,0,0,0,0,0,0,0,0,0,0,0,0,0,0,0,0,0,0,0,0,0,0,0,0,0.0,0
1011,Giant's Belt,900,350,0,0,0,0,0,0.0,0,0,0,0,0,0,0,0,0,0,0,0,0,0,0,0,0,0,0,0,0.0,0,0,0.0,0,0,0,0,0.0,0,0,0,0,0,0,0,0,0,0,0,0,0,0,0,0,0,0,0,0,0,0,0,0,0,0,0,0.0,0
1018,Cloak of Agility,600,0,0,0,0,0,0,0.0,0,0,0,0,0,0,0,0,0,0,0,0,0,0,0,0,0,0,0,0,0.0,0,0,0.0,0,0,0,0,0.15,0,0,0,0,0,0,0,0,0,0,0,0,0,0,0,0,0,0,0,0,0,0,0,0,0,0,0,0.0,0
1026,Blasting Wand,850,0,0,0,0,0,0,0.0,0,0,0,0,0,0,0,0,0,0,0,0,0,0,0,45,0,0,0,0,0.0,0,0,0.0,0,0,0,0,0.0,0,0,0,0,0,0,0,0,0,0,0,0,0,0,0,0,0,0,0,0,0,0,0,0,0,0,0,0.0,0
1027,Sapphire Crystal,350,0,0,250,0,0,0,0.0,0,0,0,0,0,0,0,0,0,0,0,0,0,0,0,0,0,0,0,0,0.0,0,0,0.0,0,0,0,0,0.0,0,0,0,0,0,0,0,0,0,0,0,0,0,0,0,0,0,0,0,0,0,0,0,0,0,0,0,0.0,0
1028,Ruby Crystal,400,150,0,0,0,0,0,0.0,0,0,0,0,0,0,0,0,0,0,0,0,0,0,0,0,0,0,0,0,0.0,0,0,0.0,0,0,0,0,0.0,0,0,0,0,0,0,0,0,0,0,0,0,0,0,0,0,0,0,0,0,0,0,0,0,0,0,0,0.0,0
1029,Cloth Armor,300,0,0,0,0,0,0,0.0,0,0,0,0,0,15,0,0,0,0,0,0,0,0,0,0,0,0,0,0,0.0,0,0,0.0,0,0,0,0,0.0,0,0,0,0,0,0,0,0,0,0,0,0,0,0,0,0,0,0,0,0,0,0,0,0,0,0,0,0.0,0
1031,Chain Vest,800,0,0,0,0,0,0,0.0,0,0,0,0,0,40,0,0,0,0,0,0,0,0,0,0,0,0,0,0,0.0,0,0,0.0,0,0,0,0,0.0,0,0,0,0,0,0,0,0,0,0,0,0,0,0,0,0,0,0,0,0,0,0,0,0,0,0,0,0.0,0
1033,Null-Magic Mantle,450,0,0,0,0,0,0,0.0,0,0,0,0,0,0,0,0,0,0,0,0,0,0,0,0,0,0,0,0,0.0,0,0,0.0,0,0,0,0,0.0,0,0,0,0,0,0,0,25,0,0,0,0,0,0,0,0,0,0,0,0,0,0,0,0,0,0,0,0.0,0
1036,Long Sword,350,0,0,0,0,0,0,0.0,0,0,0,0,0,0,0,0,0,0,0,0,10,0,0,0,0,0,0,0,0.0,0,0,0.0,0,0,0,0,0.0,0,0,0,0,0,0,0,0,0,0,0,0,0,0,0,0,0,0,0,0,0,0,0,0,0,0,0,0.0,0
1037,Pickaxe,875,0,0,0,0,0,0,0.0,0,0,0,0,0,0,0,0,0,0,0,0,25,0,0,0,0,0,0,0,0.0,0,0,0.0,0,0,0,0,0.0,0,0,0,0,0,0,0,0,0,0,0,0,0,0,0,0,0,0,0,0,0,0,0,0,0,0,0,0.0,0
1038,B. F. Sword,1300,0,0,0,0,0,0,0.0,0,0,0,0,0,0,0,0,0,0,0,0,40,0,0,0,0,0,0,0,0.0,0,0,0.0,0,0,0,0,0.0,0,0,0,0,0,0,0,0,0,0,0,0,0,0,0,0,0,0,0,0,0,0,0,0,0,0,0,0.0,0
1042,Dagger,300,0,0,0,0,0,0,0.0,0,0,0,0,0,0,0,0,0,0,0,0,0,0,0,0,0,0,0,0,0.0,0,0,0.12,0,0,0,0,0.0,0,0,0,0,0,0,0,0,0,0,0,0,0,0,0,0,0,0,0,0,0,0,0,0,0,0,0,0.0,0
1043,Recurve Bow,700,0,0,0,0,0,0,0.0,0,0,0,0,0,0,0,0,0,0,0,0,0,0,0,0,0,0,0,0,0.0,0,0,0.15,0,0,0,0,0.0,0,0,0,0,0,0,0,0,0,0,0,0,0,0,0,0,0,0,0,0,0,0,0,0,0,0,0,0.0,0
1052,Amplifying Tome,400,0,0,0,0,0,0,0.0,0,0,0,0,0,0,0,0,0,0,0,0,0,0,0,20,0,0,0,0,0.0,0,0,0.0,0,0,0,0,0.0,0,0,0,0,0,0,0,0,0,0,0,0,0,0,0,0,0,0,0,0,0,0,0,0,0,0,0,0.0,0
1053,Vampiric Scepter,900,0,0,0,0,0,0,0.0,0,0,0,0,0,0,0,0,0,0,0,0,15,0,0,0,0,0,0,0,0.0,0,0,0.0,0,0,0,0,0.0,0,0,0,0,0,0,0,0,0,0,0,0,0,0,0,0,0,0,0,0,0,0,0,0,0,0,0,0.07,0
1054,Doran's Shield,450,110,0,0,0,0,0,0.8,0,0,0,0,0,0,0,0,0,0,0,0,0,0,0,0,0,0,0,0,0.0,0,0,0.0,0,0,0,0,0.0,0,0,0,0,0,0,0,0,0,0,0,0,0,0,0,0,0,0,0,0,0,0,0,0,0,0,0,0.0,0
1055,Doran's Blade,450,100,0,0,0,0,0,0.0,0,0,0,0,0,0,0,0,0,0,0,0,10,0,0,0,0,0,0,0,0.0,0,0,0.0,0,0,0,0,0.0,0,0,0,0,0,0,0,0,0,0,0,0,0,0,0,0,0,0,0,0,0,0,0,0,0,0,0,0.035,0
1056,Doran's Ring,400,90,0,0,0,0,0,0.0,0,0,0,0,0,0,0,0,0,0,0,0,0,0,0,18,0,0,0,0,0.0,0,0,0.0,0,0,0,0,0.0,0,0,0,0,0,0,0,0,0,0,0,0,0,0,0,0,0,0,0,0,0,0,0,0,0,0,0,0.0,0
1057,Negatron Cloak,900,0,0,0,0,0,0,0.0,0,0,0,0,0,0,0,0,0,0,0,0,0,0,0,0,0,0,0,0,0.0,0,0,0.0,0,0,0,0,0.0,0,0,0,0,0,0,0,50,0,0,0,0,0,0,0,0,0,0,0,0,0,0,0,0,0,0,0,0.0,0
1058,Needlessly Large Rod,1250,0,0,0,0,0,0,0.0,0,0,0,0,0,0,0,0,0,0,0,0,0,0,0,70,0,0,0,0,0.0,0,0,0.0,0,0,0,0,0.0,0,0,0,0,0,0,0,0,0,0,0,0,0,0,0,0,0,0,0,0,0,0,0,0,0,0,0,0.0,0
1082,Dark Seal,350,50,0,0,0,0,0,0.0,0,0,0,0,0,0,0,0,0,0,0,0,0,0,0,15,0,0,0,0,0.0,0,0,0.0,0,0,0,0,0.0,0,0,0,0,0,0,0,0,0,0,0,0,0,0,0,0,0,0,0,0,0,0,0,0,0,0,0,0.0,0
1083,Cull,450,0,0,0,0,0,0,0.0,0,0,0,0,0,0,0,0,0,0,0,0,7,0,0,0,0,0,0,0,0.0,0,0,0.0,0,0,0,0,0.0,0,0,0,0,0,0,0,0,0,0,0,0,0,0,0,0,0,0,0,0,0,0,0,0,0,0,0,0.0,0
2015,Kircheis Shard,700,0,0,0,0,0,0,0.0,0,0,0,0,0,0,0,0,0,0,0,0,15,0,0,0,0,0,0,0,0.0,0,0,0.0,0,0,0,0,0.0,0,0,0,0,0,0,0,0,0,0,0,0,0,0,0,0,0,0,0,0,0,0,0,0,0,0,0,0.0,0
2019,Steel Sigil,1200,0,0,0,0,0,0,0.0,0,0,0,0,0,30,0,0,0,0,0,0,15,0,0,0,0,0,0,0,0.0,0,0,0.0,0,0,0,0,0.0,0,0,0,0,0,0,0,0,0,0,0,0,0,0,0,0,0,0,0,0,0,0,0,0,0,0,0,0.0,0
2020,The Brutalizer,1337,0,0,0,0,0,0,0.0,0,0,0,0,0,0,0,0,0,0,0,0,25,0,0,0,0,0,0,0,0.0,0,0,0.0,0,0,0,0,0.0,0,0,0,0,0,0,0,0,0,0,0,0,0,0,0,0,0,0,0,0,0,0,0,0,0,0,0,0.0,0
2021,Tunneler,1100,250,0,0,0,0,0,0.0,0,0,0,0,0,0,0,0,0,0,0,0,15,0,0,0,0,0,0,0,0.0,0,0,0.0,0,0,0,0,0.0,0,0,0,0,0,0,0,0,0,0,0,0,0,0,0,0,0,0,0,0,0,0,0,0,0,0,0,0.0,0
2065,Shurelya's Battlesong,2200,0,0,0,0,0,0,0.0,0,0,0,0,0,0,0,0,0,0,0,0,0,0,0,55,0,0,0,0,0.08,0,0,0.0,0,0,0,0,0.0,0,0,0,0,0,0,0,0,0,0,0,0,0,0,0,0,0,0,0,0,0,0,0,0,0,0,0,0.0,0
2420,Seeker's Armguard,1600,0,0,0,0,0,0,0.0,0,0,0,0,0,25,0,0,0,0,0,0,0,0,0,45,0,0,0,0,0.0,0,0,0.0,0,0,0,0,0.0,0,0,0,0,0,0,0,0,0,0,0,0,0,0,0,0,0,0,0,0,0,0,0,0,0,0,0,0.0,0
2502,Unending Despair,2800,400,0,0,0,0,0,0.0,0,0,0,0,0,55,0,0,0,0,0,0,0,0,0,0,0,0,0,0,0.0,0,0,0.0,0,0,0,0,0.0,0,0,0,0,0,0,0,0,0,0,0,0,0,0,0,0,0,0,0,0,0,0,0,0,0,0,0,0.0,0
2504,Kaenic Rookern,2900,400,0,0,0,0,0,0.0,0,0,0,0,0,0,0,0,0,0,0,0,0,0,0,0,0,0,0,0,0.0,0,0,0.0,0,0,0,0,0.0,0,0,0,0,0,0,0,80,0,0,0,0,0,0,0,0,0,0,0,0,0,0,0,0,0,0,0,0.0,0
3002,Trailblazer,2400,250,0,0,0,0,0,0.0,0,0,0,0,0,40,0,0,0,0,0,0,0,0,0,0,0,0,0,0,0.05,0,0,0.0,0,0,0,0,0.0,0,0,0,0,0,0,0,0,0,0,0,0,0,0,0,0,0,0,0,0,0,0,0,0,0,0,0,0.0,0
3003,Archangel's Staff,3000,0,0,600,0,0,0,0.0,0,0,0,0,0,0,0,0,0,0,0,0,0,0,0,80,0,0,0,0,0.0,0,0,0.0,0,0,0,0,0.0,0,0,0,0,0,0,0,0,0,0,0,0,0,0,0,0,0,0,0,0,0,0,0,0,0,0,0,0.0,0
3004,Manamune,2900,0,0,500,0,0,0,0.0,0,0,0,0,0,0,0,0,0,0,0,0,35,0,0,0,0,0,0,0,0.0,0,0,0.0,0,0,0,0,0.0,0,0,0,0,0,0,0,0,0,0,0,0,0,0,0,0,0,0,0,0,0,0,0,0,0,0,0,0.0,0
3006,Berserker's Greaves,1100,0,0,0,0,0,0,0.0,0,0,0,0,0,0,0,0,0,0,0,0,0,0,0,0,0,0,45,0,0.0,0,0,0.35,0,0,0,0,0.0,0,0,0,0,0,0,0,0,0,0,0,0,0,0,0,0,0,0,0,0,0,0,0,0,0,0,0,0.0,0
3009,Boots of Swiftness,900,0,0,0,0,0,0,0.0,0,0,0,0,0,0,0,0,0,0,0,0,0,0,0,0,0,0,60,0,0.0,0,0,0.0,0,0,0,0,0.0,0,0,0,0,0,0,0,0,0,0,0,0,0,0,0,0,0,0,0,0,0,0,0,0,0,0,0,0.0,0
3020,Sorcerer's Shoes,1100,0,0,0,0,0,0,0.0,0,0,0,0,0,0,0,0,0,0,0,0,0,0,0,0,0,0,45,0,0.0,0,0,0.0,0,0,0,0,0.0,0,0,0,0,0,0,0,0,0,0,0,0,0,0,0,0,0,0,0,0,0,0,0,0,0,0,0,0.0,0
3024,Glacial Buckler,900,0,0,250,0,0,0,0.0,0,0,0,0,0,20,0,0,0,0,0,0,0,0,0,0,0,0,0,0,0.0,0,0,0.0,0,0,0,0,0.0,0,0,0,0,0,0,0,0,0,0,0,0,0,0,0,0,0,0,0,0,0,0,0,0,0,0,0,0.0,0
3026,Guardian Angel,3200,0,0,0,0,0,0,0.0,0,0,0,0,0,45,0,0,0,0,0,0,55,0,0,0,0,0,0,0,0.0,0,0,0.0,0,0,0,0,0.0,0,0,0,0,0,0,0,0,0,0,0,0,0,0,0,0,0,0,0,0,0,0,0,0,0,0,0,0.0,0
3031,Infinity Edge,3300,0,0,0,0,0,0,0.0,0,0,0,0,0,0,0,0,0,0,0,0,65,0,0,0,0,0,0,0,0.0,0,0,0.0,0,0,0,0,0.2,0,0,0,0,0,0,0,0,0,0,0,0,0,0,0,0,0,0,0,0,0,0,0,0,0,0,0,0.0,0
3033,Mortal Reminder,3000,0,0,0,0,0,0,0.0,0,0,0,0,0,0,0,0,0,0,0,0,40,0,0,0,0,0,0,0,0.0,0,0,0.0,0,0,0,0,0.2,0,0,0,0,0,0,0,0,0,0,0,0,0,0,0,0,0,0,0,0,0,0,0,0,0,0,0,0.0,0
3035,Last Whisper,1450,0,0,0,0,0,0,0.0,0,0,0,0,0,0,0,0,0,0,0,0,20,0,0,0,0,0,0,0,0.0,0,0,0.0,0,0,0,0,0.0,0,0,0,0,0,0,0,0,0,0,0,0,0,0,0,0,0,0,0,0,0,0,0,0,0,0,0,0.0,0
3036,Lord Dominik's Regards,3000,0,0,0,0,0,0,0.0,0,0,0,0,0,0,0,0,0,0,0,0,40,0,0,0,0,0,0,0,0.0,0,0,0.0,0,0,0,0,0.2,0,0,0,0,0,0,0,0,0,0,0,0,0,0,0,0,0,0,0,0,0,0,0,0,0,0,0,0.0,0
3041,Mejai's Soulstealer,1500,100,0,0,0,0,0,0.0,0,0,0,0,0,0,0,0,0,0,0,0,0,0,0,20,0,0,0,0,0.0,0,0,0.0,0,0,0,0,0.0,0,0,0,0,0,0,0,0,0,0,0,0,0,0,0,0,0,0,0,0,0,0,0,0,0,0,0,0.0,0
3044,Phage,1100,200,0,0,0,0,0,0.0,0,0,0,0,0,0,0,0,0,0,0,0,15,0,0,0,0,0,0,0,0.0,0,0,0.0,0,0,0,0,0.0,0,0,0,0,0,0,0,0,0,0,0,0,0,0,0,0,0,0,0,0,0,0,0,0,0,0,0,0.0,0
3046,Phantom Dancer,2800,0,0,0,0,0,0,0.0,0,0,0,0,0,0,0,0,0,0,0,0,20,0,0,0,0,0,0,0,0.1,0,0,0.3,0,0,0,0,0.2,0,0,0,0,0,0,0,0,0,0,0,0,0,0,0,0,0,0,0,0,0,0,0,0,0,0,0,0.0,0
3047,Plated Steelcaps,1100,0,0,0,0,0,0,0.0,0,0,0,0,0,20,0,0,0,0,0,0,0,0,0,0,0,0,45,0,0.0,0,0,0.0,0,0,0,0,0.0,0,0,0,0,0,0,0,0,0,0,0,0,0,0,0,0,0,0,0,0,0,0,0,0,0,0,0,0.0,0
3050,Zeke's Convergence,2200,200,0,250,0,0,0,0.0,0,0,0,0,0,30,0,0,0,0,0,0,0,0,0,0,0,0,0,0,0.0,0,0,0.0,0,0,0,0,0.0,0,0,0,0,0,0,0,0,0,0,0,0,0,0,0,0,0,0,0,0,0,0,0,0,0,0,0,0.0,0
3051,Hearthbound Axe,1200,0,0,0,0,0,0,0.0,0,0,0,0,0,0,0,0,0,0,0,0,20,0,0,0,0,0,0,0,0.0,0,0,0.25,0,0,0,0,0.0,0,0,0,0,0,0,0,0,0,0,0,0,0,0,0,0,0,0,0,0,0,0,0,0,0,0,0,0.0,0
3053,Sterak's Gage,3000,400,0,0,0,0,0,0.0,0,0,0,0,0,0,0,0,0,0,0,0,0,0,0,0,0,0,0,0,0.0,0,0,0.0,0,0,0,0,0.0,0,0,0,0,0,0,0,0,0,0,0,0,0,0,0,0,0,0,0,0,0,0,0,0,0,0,0,0.0,0
3065,Spirit Visage,2900,450,0,0,0,0,0,0.0,0,0,0,0,0,0,0,0,0,0,0,0,0,0,0,0,0,0,0,0,0.0,0,0,0.0,0,0,0,0,0.0,0,0,0,0,0,0,0,60,0,0,0,0,0,0,0,0,0,0,0,0,0,0,0,0,0,0,0,0.0,0
3066,Winged Moonplate,800,150,0,0,0,0,0,0.0,0,0,0,0,0,0,0,0,0,0,0,0,0,0,0,0,0,0,0,0,0.05,0,0,0.0,0,0,0,0,0.0,0,0,0,0,0,0,0,0,0,0,0,0,0,0,0,0,0,0,0,0,0,0,0,0,0,0,0,0.0,0
3067,Kindlegem,800,200,0,0,0,0,0,0.0,0,0,0,0,0,0,0,0,0,0,0,0,0,0,0,0,0,0,0,0,0.0,0,0,0.0,0,0,0,0,0.0,0,0,0,0,0,0,0,0,0,0,0,0,0,0,0,0,0,0,0,0,0,0,0,0,0,0,0,0.0,0
3068,Sunfire Aegis,2700,450,0,0,0,0,0,0.0,0,0,0,0,0,50,0,0,0,0,0,0,0,0,0,0,0,0,0,0,0.0,0,0,0.0,0,0,0,0,0.0,0,0,0,0,0,0,0,0,0,0,0,0,0,0,0,0,0,0,0,0,0,0,0,0,0,0,0,0.0,0
3070,Tear of the Goddess,400,0,0,240,0,0,0,0.0,0,0,0,0,0,0,0,0,0,0,0,0,0,0,0,0,0,0,0,0,0.0,0,0,0.0,0,0,0,0,0.0,0,0,0,0,0,0,0,0,0,0,0,0,0,0,0,0,0,0,0,0,0,0,0,0,0,0,0,0.0,0
3071,Black Cleaver,3000,400,0,0,0,0,0,0.0,0,0,0,0,0,0,0,0,0,0,0,0,55,0,0,0,0,0,0,0,0.0,0,0,0.0,0,0,0,0,0.0,0,0,0,0,0,0,0,0,0,0,0,0,0,0,0,0,0,0,0,0,0,0,0,0,0,0,0,0.0,0
3072,Bloodthirster,3400,0,0,0,0,0,0,0.0,0,0,0,0,0,0,0,0,0,0,0,0,55,0,0,0,0,0,0,0,0.0,0,0,0.0,0,0,0,0,0.2,0,0,0,0,0,0,0,0,0,0,0,0,0,0,0,0,0,0,0,0,0,0,0,0,0,0,0,0.18,0
3073,Experimental Hexplate,3000,300,0,0,0,0,0,0.0,0,0,0,0,0,0,0,0,0,0,0,0,55,0,0,0,0,0,0,0,0.0,0,0,0.2,0,0,0,0,0.0,0,0,0,0,0,0,0,0,0,0,0,0,0,0,0,0,0,0,0,0,0,0,0,0,0,0,0,0.0,0
3074,Ravenous Hydra,3300,0,0,0,0,0,0,0.0,0,0,0,0,0,0,0,0,0,0,0,0,70,0,0,0,0,0,0,0,0.0,0,0,0.0,0,0,0,0,0.0,0,0,0,0,0,0,0,0,0,0,0,0,0,0,0,0,0,0,0,0,0,0,0,0,0,0,0,0.1,0
3075,Thornmail,2700,350,0,0,0,0,0,0.0,0,0,0,0,0,70,0,0,0,0,0,0,0,0,0,0,0,0,0,0,0.0,0,0,0.0,0,0,0,0,0.0,0,0,0,0,0,0,0,0,0,0,0,0,0,0,0,0,0,0,0,0,0,0,0,0,0,0,0,0.0,0
3076,Bramble Vest,800,0,0,0,0,0,0,0.0,0,0,0,0,0,30,0,0,0,0,0,0,0,0,0,0,0,0,0,0,0.0,0,0,0.0,0,0,0,0,0.0,0,0,0,0,0,0,0,0,0,0,0,0,0,0,0,0,0,0,0,0,0,0,0,0,0,0,0,0.0,0
3077,Tiamat,1200,0,0,0,0,0,0,0.0,0,0,0,0,0,0,0,0,0,0,0,0,20,0,0,0,0,0,0,0,0.0,0,0,0.0,0,0,0,0,0.0,0,0,0,0,0,0,0,0,0,0,0,0,0,0,0,0,0,0,0,0,0,0,0,0,0,0,0,0.0,0
3078,Trinity Force,3333,300,0,0,0,0,0,0.0,0,0,0,0,0,0,0,0,0,0,0,0,45,0,0,0,0,0,0,0,0.0,0,0,0.33,0,0,0,0,0.0,0,0,0,0,0,0,0,0,0,0,0,0,0,0,0,0,0,0,0,0,0,0,0,0,0,0,0,0.0,0
3082,Warden's Mail,1000,0,0,0,0,0,0,0.0,0,0,0,0,0,40,0,0,0,0,0,0,0,0,0,0,0,0,0,0,0.0,0,0,0.0,0,0,0,0,0.0,0,0,0,0,0,0,0,0,0,0,0,0,0,0,0,0,0,0,0,0,0,0,0,0,0,0,0,0.0,0
3083,Warmog's Armor,3100,750,0,0,0,0,0,0.0,0,0,0,0,0,0,0,0,0,0,0,0,0,0,0,0,0,0,0,0,0.05,0,0,0.0,0,0,0,0,0.0,0,0,0,0,0,0,0,0,0,0,0,0,0,0,0,0,0,0,0,0,0,0,0,0,0,0,0,0.0,0
3084,Heartsteel,3000,800,0,0,0,0,0,0.0,0,0,0,0,0,0,0,0,0,0,0,0,0,0,0,0,0,0,0,0,0.0,0,0,0.0,0,0,0,0,0.0,0,0,0,0,0,0,0,0,0,0,0,0,0,0,0,0,0,0,0,0,0,0,0,0,0,0,0,0.0,0
3085,Runaan's Hurricane,2800,0,0,0,0,0,0,0.0,0,0,0,0,0,0,0,0,0,0,0,0,0,0,0,0,0,0,0,0,0.07,0,0,0.4,0,0,0,0,0.2,0,0,0,0,0,0,0,0,0,0,0,0,0,0,0,0,0,0,0,0,0,0,0,0,0,0,0,0.0,0
3086,Zeal,1100,0,0,0,0,0,0,0.0,0,0,0,0,0,0,0,0,0,0,0,0,0,0,0,0,0,0,0,0,0.05,0,0,0.15,0,0,0,0,0.15,0,0,0,0,0,0,0,0,0,0,0,0,0,0,0,0,0,0,0,0,0,0,0,0,0,0,0,0.0,0
3087,Statikk Shiv,3000,0,0,0,0,0,0,0.0,0,0,0,0,0,0,0,0,0,0,0,0,50,0,0,0,0,0,0,0,0.0,0,0,0.3,0,0,0,0,0.2,0,0,0,0,0,0,0,0,0,0,0,0,0,0,0,0,0,0,0,0,0,0,0,0,0,0,0,0.0,0
3089,Rabadon's Deathcap,3600,0,0,0,0,0,0,0.0,0,0,0,0,0,0,0,0,0,0,0,0,0,0,0,140,0,0,0,0,0.0,0,0,0.0,0,0,0,0,0.0,0,0,0,0,0,0,0,0,0,0,0,0,0,0,0,0,0,0,0,0,0,0,0,0,0,0,0,0.0,0
3091,Wit's End,2800,0,0,0,0,0,0,0.0,0,0,0,0,0,0,0,0,0,0,0,0,0,0,0,0,0,0,0,0,0.0,0,0,0.55,0,0,0,0,0.0,0,0,0,0,0,0,0,50,0,0,0,0,0,0,0,0,0,0,0,0,0,0,0,0,0,0,0,0.0,0
3094,Rapid Firecannon,3000,0,0,0,0,0,0,0.0,0,0,0,0,0,0,0,0,0,0,0,0,30,0,0,0,0,0,0,0,0.07,0,0,0.2,0,0,0,0,0.2,0,0,0,0,0,0,0,0,0,0,0,0,0,0,0,0,0,0,0,0,0,0,0,0,0,0,0,0.0,0
3095,Stormrazor,3100,0,0,0,0,0,0,0.0,0,0,0,0,0,0,0,0,0,0,0,0,60,0,0,0,0,0,0,0,0.0,0,0,0.15,0,0,0,0,0.2,0,0,0,0,0,0,0,0,0,0,0,0,0,0,0,0,0,0,0,0,0,0,0,0,0,0,0,0.0,0
3100,Lich Bane,3100,0,0,0,0,0,0,0.0,0,0,0,0,0,0,0,0,0,0,0,0,0,0,0,100,0,0,0,0,0.08,0,0,0.0,0,0,0,0,0.0,0,0,0,0,0,0,0,0,0,0,0,0,0,0,0,0,0,0,0,0,0,0,0,0,0,0,0,0.0,0
3102,Banshee's Veil,3100,0,0,0,0,0,0,0.0,0,0,0,0,0,0,0,0,0,0,0,0,0,0,0,120,0,0,0,0,0.0,0,0,0.0,0,0,0,0,0.0,0,0,0,0,0,0,0,50,0,0,0,0,0,0,0,0,0,0,0,0,0,0,0,0,0,0,0,0.0,0
3107,Redemption,2300,200,0,0,0,0,0,0.0,0,0,0,0,0,0,0,0,0,0,0,0,0,0,0,0,0,0,0,0,0.0,0,0,0.0,0,0,0,0,0.0,0,0,0,0,0,0,0,0,0,0,0,0,0,0,0,0,0,0,0,0,0,0,0,0,0,0,0,0.0,0
3108,Fiendish Codex,900,0,0,0,0,0,0,0.0,0,0,0,0,0,0,0,0,0,0,0,0,0,0,0,35,0,0,0,0,0.0,0,0,0.0,0,0,0,0,0.0,0,0,0,0,0,0,0,0,0,0,0,0,0,0,0,0,0,0,0,0,0,0,0,0,0,0,0,0.0,0
3109,Knight's Vow,2200,300,0,0,0,0,0,0.0,0,0,0,0,0,45,0,0,0,0,0,0,0,0,0,0,0,0,0,0,0.0,0,0,0.0,0,0,0,0,0.0,0,0,0,0,0,0,0,0,0,0,0,0,0,0,0,0,0,0,0,0,0,0,0,0,0,0,0,0.0,0
3110,Frozen Heart,2300,0,0,400,0,0,0,0.0,0,0,0,0,0,70,0,0,0,0,0,0,0,0,0,0,0,0,0,0,0.0,0,0,0.0,0,0,0,0,0.0,0,0,0,0,0,0,0,0,0,0,0,0,0,0,0,0,0,0,0,0,0,0,0,0,0,0,0,0.0,0
3111,Mercury's Treads,1100,0,0,0,0,0,0,0.0,0,0,0,0,0,0,0,0,0,0,0,0,0,0,0,0,0,0,45,0,0.0,0,0,0.0,0,0,0,0,0.0,0,0,0,0,0,0,0,25,0,0,0,0,0,0,0,0,0,0,0,0,0,0,0,0,0,0,0,0.0,0
3113,Aether Wisp,850,0,0,0,0,0,0,0.0,0,0,0,0,0,0,0,0,0,0,0,0,0,0,0,30,0,0,0,0,0.05,0,0,0.0,0,0,0,0,0.0,0,0,0,0,0,0,0,0,0,0,0,0,0,0,0,0,0,0,0,0,0,0,0,0,0,0,0,0.0,0
3115,Nashor's Tooth,3000,0,0,0,0,0,0,0.0,0,0,0,0,0,0,0,0,0,0,0,0,0,0,0,90,0,0,0,0,0.0,0,0,0.5,0,0,0,0,0.0,0,0,0,0,0,0,0,0,0,0,0,0,0,0,0,0,0,0,0,0,0,0,0,0,0,0,0,0.0,0
3116,Rylai's Crystal Scepter,2600,400,0,0,0,0,0,0.0,0,0,0,0,0,0,0,0,0,0,0,0,0,0,0,75,0,0,0,0,0.0,0,0,0.0,0,0,0,0,0.0,0,0,0,0,0,0,0,0,0,0,0,0,0,0,0,0,0,0,0,0,0,0,0,0,0,0,0,0.0,0
3117,Mobility Boots,1000,0,0,0,0,0,0,0.0,0,0,0,0,0,0,0,0,0,0,0,0,0,0,0,0,0,0,115,0,0.0,0,0,0.0,0,0,0,0,0.0,0,0,0,0,0,0,0,0,0,0,0,0,0,0,0,0,0,0,0,0,0,0,0,0,0,0,0,0.0,0
3118,Malignance,2800,0,0,600,0,0,0,0.0,0,0,0,0,0,0,0,0,0,0,0,0,0,0,0,80,0,0,0,0,0.0,0,0,0.0,0,0,0,0,0.0,0,0,0,0,0,0,0,0,0,0,0,0,0,0,0,0,0,0,0,0,0,0,0,0,0,0,0,0.0,0
3119,Winter's Approach,2400,400,0,500,0,0,0,0.0,0,0,0,0,0,0,0,0,0,0,0,0,0,0,0,0,0,0,0,0,0.0,0,0,0.0,0,0,0,0,0.0,0,0,0,0,0,0,0,0,0,0,0,0,0,0,0,0,0,0,0,0,0,0,0,0,0,0,0,0.0,0
3123,Executioner's Calling,800,0,0,0,0,0,0,0.0,0,0,0,0,0,0,0,0,0,0,0,0,15,0,0,0,0,0,0,0,0.0,0,0,0.0,0,0,0,0,0.0,0,0,0,0,0,0,0,0,0,0,0,0,0,0,0,0,0,0,0,0,0,0,0,0,0,0,0,0.0,0
3124,Guinsoo's Rageblade,3000,0,0,0,0,0,0,0.0,0,0,0,0,0,0,0,0,0,0,0,0,30,0,0,30,0,0,0,0,0.0,0,0,0.25,0,0,0,0,0.0,0,0,0,0,0,0,0,0,0,0,0,0,0,0,0,0,0,0,0,0,0,0,0,0,0,0,0,0.0,0
3133,Caulfield's Warhammer,1100,0,0,0,0,0,0,0.0,0,0,0,0,0,0,0,0,0,0,0,0,25,0,0,0,0,0,0,0,0.0,0,0,0.0,0,0,0,0,0.0,0,0,0,0,0,0,0,0,0,0,0,0,0,0,0,0,0,0,0,0,0,0,0,0,0,0,0,0.0,0
3134,Serrated Dirk,1000,0,0,0,0,0,0,0.0,0,0,0,0,0,0,0,0,0,0,0,0,25,0,0,0,0,0,0,0,0.0,0,0,0.0,0,0,0,0,0.0,0,0,0,0,0,0,0,0,0,0,0,0,0,0,0,0,0,0,0,0,0,0,0,0,0,0,0,0.0,0
3135,Void Staff,3000,0,0,0,0,0,0,0.0,0,0,0,0,0,0,0,0,0,0,0,0,0,0,0,80,0,0,0,0,0.0,0,0,0.0,0,0,0,0,0.0,0,0,0,0,0,0,0,0,0,0,0,0,0,0,0,0,0,0,0,0,0,0,0,0,0,0,0,0.0,0
3137,Cryptbloom,2850,0,0,0,0,0,0,0.0,0,0,0,0,0,0,0,0,0,0,0,0,0,0,0,70,0,0,0,0,0.0,0,0,0.0,0,0,0,0,0.0,0,0,0,0,0,0,0,0,0,0,0,0,0,0,0,0,0,0,0,0,0,0,0,0,0,0,0,0.0,0
3139,Mercurial Scimitar,3000,0,0,0,0,0,0,0.0,0,0,0,0,0,0,0,0,0,0,0,0,40,0,0,0,0,0,0,0,0.0,0,0,0.0,0,0,0,0,0.2,0,0,0,0,0,0,0,50,0,0,0,0,0,0,0,0,0,0,0,0,0,0,0,0,0,0,0,0.0,0
3140,Quicksilver Sash,1300,0,0,0,0,0,0,0.0,0,0,0,0,0,0,0,0,0,0,0,0,0,0,0,0,0,0,0,0,0.0,0,0,0.0,0,0,0,0,0.0,0,0,0,0,0,0,0,30,0,0,0,0,0,0,0,0,0,0,0,0,0,0,0,0,0,0,0,0.0,0
3142,Youmuu's Ghostblade,2700,0,0,0,0,0,0,0.0,0,0,0,0,0,0,0,0,0,0,0,0,60,0,0,0,0,0,0,0,0.0,0,0,0.0,0,0,0,0,0.0,0,0,0,0,0,0,0,0,0,0,0,0,0,0,0,0,0,0,0,0,0,0,0,0,0,0,0,0.0,0
3143,Randuin's Omen,2700,400,0,0,0,0,0,0.0,0,0,0,0,0,55,0,0,0,0,0,0,0,0,0,0,0,0,0,0,0.0,0,0,0.0,0,0,0,0,0.0,0,0,0,0,0,0,0,0,0,0,0,0,0,0,0,0,0,0,0,0,0,0,0,0,0,0,0,0.0,0
3145,Hextech Alternator,1100,0,0,0,0,0,0,0.0,0,0,0,0,0,0,0,0,0,0,0,0,0,0,0,50,0,0,0,0,0.0,0,0,0.0,0,0,0,0,0.0,0,0,0,0,0,0,0,0,0,0,0,0,0,0,0,0,0,0,0,0,0,0,0,0,0,0,0,0.0,0
3147,Haunting Guise,1300,200,0,0,0,0,0,0.0,0,0,0,0,0,0,0,0,0,0,0,0,0,0,0,35,0,0,0,0,0.0,0,0,0.0,0,0,0,0,0.0,0,0,0,0,0,0,0,0,0,0,0,0,0,0,0,0,0,0,0,0,0,0,0,0,0,0,0,0.0,0
3152,Hextech Rocketbelt,2500,300,0,0,0,0,0,0.0,0,0,0,0,0,0,0,0,0,0,0,0,0,0,0,60,0,0,0,0,0.0,0,0,0.0,0,0,0,0,0.0,0,0,0,0,0,0,0,0,0,0,0,0,0,0,0,0,0,0,0,0,0,0,0,0,0,0,0,0.0,0
3153,Blade of The Ruined King,3200,0,0,0,0,0,0,0.0,0,0,0,0,0,0,0,0,0,0,0,0,40,0,0,0,0,0,0,0,0.0,0,0,0.25,0,0,0,0,0.0,0,0,0,0,0,0,0,0,0,0,0,0,0,0,0,0,0,0,0,0,0,0,0,0,0,0,0,0.08,0
3155,Hexdrinker,1300,0,0,0,0,0,0,0.0,0,0,0,0,0,0,0,0,0,0,0,0,25,0,0,0,0,0,0,0,0.0,0,0,0.0,0,0,0,0,0.0,0,0,0,0,0,0,0,35,0,0,0,0,0,0,0,0,0,0,0,0,0,0,0,0,0,0,0,0.0,0
3156,Maw of Malmortius,2800,0,0,0,0,0,0,0.0,0,0,0,0,0,0,0,0,0,0,0,0,65,0,0,0,0,0,0,0,0.0,0,0,0.0,0,0,0,0,0.0,0,0,0,0,0,0,0,50,0,0,0,0,0,0,0,0,0,0,0,0,0,0,0,0,0,0,0,0.0,0
3157,Zhonya's Hourglass,3250,0,0,0,0,0,0,0.0,0,0,0,0,0,50,0,0,0,0,0,0,0,0,0,120,0,0,0,0,0.0,0,0,0.0,0,0,0,0,0.0,0,0,0,0,0,0,0,0,0,0,0,0,0,0,0,0,0,0,0,0,0,0,0,0,0,0,0,0.0,0
3158,Ionian Boots of Lucidity,900,0,0,0,0,0,0,0.0,0,0,0,0,0,0,0,0,0,0,0,0,0,0,0,0,0,0,45,0,0.0,0,0,0.0,0,0,0,0,0.0,0,0,0,0,0,0,0,0,0,0,0,0,0,0,0,0,0,0,0,0,0,0,0,0,0,0,0,0.0,0
3161,Spear of Shojin,3100,300,0,0,0,0,0,0.0,0,0,0,0,0,0,0,0,0,0,0,0,55,0,0,0,0,0,0,0,0.0,0,0,0.0,0,0,0,0,0.0,0,0,0,0,0,0,0,0,0,0,0,0,0,0,0,0,0,0,0,0,0,0,0,0,0,0,0,0.0,0
3165,Morellonomicon,2200,0,0,0,0,0,0,0.0,0,0,0,0,0,0,0,0,0,0,0,0,0,0,0,90,0,0,0,0,0.0,0,0,0.0,0,0,0,0,0.0,0,0,0,0,0,0,0,0,0,0,0,0,0,0,0,0,0,0,0,0,0,0,0,0,0,0,0,0.0,0
3179,Umbral Glaive,2600,0,0,0,0,0,0,0.0,0,0,0,0,0,0,0,0,0,0,0,0,50,0,0,0,0,0,0,0,0.0,0,0,0.0,0,0,0,0,0.0,0,0,0,0,0,0,0,0,0,0,0,0,0,0,0,0,0,0,0,0,0,0,0,0,0,0,0,0.0,0
3181,Hullbreaker,3000,350,0,0,0,0,0,0.0,0,0,0,0,0,0,0,0,0,0,0,0,65,0,0,0,0,0,0,0,0.05,0,0,0.0,0,0,0,0,0.0,0,0,0,0,0,0,0,0,0,0,0,0,0,0,0,0,0,0,0,0,0,0,0,0,0,0,0,0.0,0
3190,Locket of the Iron Solari,2200,200,0,0,0,0,0,0.0,0,0,0,0,0,30,0,0,0,0,0,0,0,0,0,0,0,0,0,0,0.0,0,0,0.0,0,0,0,0,0.0,0,0,0,0,0,0,0,30,0,0,0,0,0,0,0,0,0,0,0,0,0,0,0,0,0,0,0,0.0,0
3211,Spectre's Cowl,1250,250,0,0,0,0,0,0.0,0,0,0,0,0,0,0,0,0,0,0,0,0,0,0,0,0,0,0,0,0.0,0,0,0.0,0,0,0,0,0.0,0,0,0,0,0,0,0,25,0,0,0,0,0,0,0,0,0,0,0,0,0,0,0,0,0,0,0,0.0,0
3222,Mikael's Blessing,2300,250,0,0,0,0,0,0.0,0,0,0,0,0,0,0,0,0,0,0,0,0,0,0,0,0,0,0,0,0.0,0,0,0.0,0,0,0,0,0.0,0,0,0,0,0,0,0,0,0,0,0,0,0,0,0,0,0,0,0,0,0,0,0,0,0,0,0,0.0,0
3302,Terminus,3000,0,0,0,0,0,0,0.0,0,0,0,0,0,0,0,0,0,0,0,0,40,0,0,0,0,0,0,0,0.0,0,0,0.3,0,0,0,0,0.0,0,0,0,0,0,0,0,0,0,0,0,0,0,0,0,0,0,0,0,0,0,0,0,0,0,0,0,0.0,0
3504,Ardent Censer,2300,0,0,0,0,0,0,0.0,0,0,0,0,0,0,0,0,0,0,0,0,0,0,0,50,0,0,0,0,0.08,0,0,0.0,0,0,0,0,0.0,0,0,0,0,0,0,0,0,0,0,0,0,0,0,0,0,0,0,0,0,0,0,0,0,0,0,0,0.0,0
3508,Essence Reaver,3000,0,0,0,0,0,0,0.0,0,0,0,0,0,0,0,0,0,0,0,0,55,0,0,0,0,0,0,0,0.0,0,0,0.0,0,0,0,0,0.2,0,0,0,0,0,0,0,0,0,0,0,0,0,0,0,0,0,0,0,0,0,0,0,0,0,0,0,0.0,0
3742,Dead Man's Plate,2900,300,0,0,0,0,0,0.0,0,0,0,0,0,45,0,0,0,0,0,0,0,0,0,0,0,0,0,0,0.05,0,0,0.0,0,0,0,0,0.0,0,0,0,0,0,0,0,0,0,0,0,0,0,0,0,0,0,0,0,0,0,0,0,0,0,0,0,0.0,0
3748,Titanic Hydra,3300,550,0,0,0,0,0,0.0,0,0,0,0,0,0,0,0,0,0,0,0,55,0,0,0,0,0,0,0,0.0,0,0,0.0,0,0,0,0,0.0,0,0,0,0,0,0,0,0,0,0,0,0,0,0,0,0,0,0,0,0,0,0,0,0,0,0,0,0.0,0
3801,Crystalline Bracer,800,200,0,0,0,0,0,0.0,0,0,0,0,0,0,0,0,0,0,0,0,0,0,0,0,0,0,0,0,0.0,0,0,0.0,0,0,0,0,0.0,0,0,0,0,0,0,0,0,0,0,0,0,0,0,0,0,0,0,0,0,0,0,0,0,0,0,0,0.0,0
3802,Lost Chapter,1200,0,0,300,0,0,0,0.0,0,0,0,0,0,0,0,0,0,0,0,0,0,0,0,40,0,0,0,0,0.0,0,0,0.0,0,0,0,0,0.0,0,0,0,0,0,0,0,0,0,0,0,0,0,0,0,0,0,0,0,0,0,0,0,0,0,0,0,0.0,0
3803,Catalyst of Aeons,1300,350,0,300,0,0,0,0.0,0,0,0,0,0,0,0,0,0,0,0,0,0,0,0,0,0,0,0,0,0.0,0,0,0.0,0,0,0,0,0.0,0,0,0,0,0,0,0,0,0,0,0,0,0,0,0,0,0,0,0,0,0,0,0,0,0,0,0,0.0,0
3814,Edge of Night,2800,250,0,0,0,0,0,0.0,0,0,0,0,0,0,0,0,0,0,0,0,50,0,0,0,0,0,0,0,0.0,0,0,0.0,0,0,0,0,0.0,0,0,0,0,0,0,0,0,0,0,0,0,0,0,0,0,0,0,0,0,0,0,0,0,0,0,0,0.0,0
3865,World Atlas,400,30,0,0,0,0,0,0.0,0,0,0,0,0,0,0,0,0,0,0,0,0,0,0,0,0,0,0,0,0.0,0,0,0.0,0,0,0,0,0.0,0,0,0,0,0,0,0,0,0,0,0,0,0,0,0,0,0,0,0,0,0,0,0,0,0,0,0,0.0,0
3869,Celestial Opposition,400,200,0,0,0,0,0,0.0,0,0,0,0,0,0,0,0,0,0,0,0,0,0,0,0,0,0,0,0,0.0,0,0,0.0,0,0,0,0,0.0,0,0,0,0,0,0,0,0,0,0,0,0,0,0,0,0,0,0,0,0,0,0,0,0,0,0,0,0.0,0
3870,Dream Maker,400,200,0,0,0,0,0,0.0,0,0,0,0,0,0,0,0,0,0,0,0,0,0,0,0,0,0,0,0,0.0,0,0,0.0,0,0,0,0,0.0,0,0,0,0,0,0,0,0,0,0,0,0,0,0,0,0,0,0,0,0,0,0,0,0,0,0,0,0.0,0
3871,Zaz'Zak's Realmspike,400,200,0,0,0,0,0,0.0,0,0,0,0,0,0,0,0,0,0,0,0,0,0,0,0,0,0,0,0,0.0,0,0,0.0,0,0,0,0,0.0,0,0,0,0,0,0,0,0,0,0,0,0,0,0,0,0,0,0,0,0,0,0,0,0,0,0,0,0.0,0
3876,Solstice Sleigh,400,200,0,0,0,0,0,0.0,0,0,0,0,0,0,0,0,0,0,0,0,0,0,0,0,0,0,0,0,0.0,0,0,0.0,0,0,0,0,0.0,0,0,0,0,0,0,0,0,0,0,0,0,0,0,0,0,0,0,0,0,0,0,0,0,0,0,0,0.0,0
3877,Bloodsong,400,200,0,0,0,0,0,0.0,0,0,0,0,0,0,0,0,0,0,0,0,0,0,0,0,0,0,0,0,0.0,0,0,0.0,0,0,0,0,0.0,0,0,0,0,0,0,0,0,0,0,0,0,0,0,0,0,0,0,0,0,0,0,0,0,0,0,0,0.0,0
3916,Oblivion Orb,800,0,0,0,0,0,0,0.0,0,0,0,0,0,0,0,0,0,0,0,0,0,0,0,30,0,0,0,0,0.0,0,0,0.0,0,0,0,0,0.0,0,0,0,0,0,0,0,0,0,0,0,0,0,0,0,0,0,0,0,0,0,0,0,0,0,0,0,0.0,0
4005,Imperial Mandate,2300,0,0,0,0,0,0,0.0,0,0,0,0,0,0,0,0,0,0,0,0,0,0,0,60,0,0,0,0,0.0,0,0,0.0,0,0,0,0,0.0,0,0,0,0,0,0,0,0,0,0,0,0,0,0,0,0,0,0,0,0,0,0,0,0,0,0,0,0.0,0
4401,Force of Nature,2800,400,0,0,0,0,0,0.0,0,0,0,0,0,0,0,0,0,0,0,0,0,0,0,0,0,0,0,0,0.05,0,0,0.0,0,0,0,0,0.0,0,0,0,0,0,0,0,55,0,0,0,0,0,0,0,0,0,0,0,0,0,0,0,0,0,0,0,0.0,0
4628,Horizon Focus,2700,0,0,0,0,0,0,0.0,0,0,0,0,0,0,0,0,0,0,0,0,0,0,0,90,0,0,0,0,0.0,0,0,0.0,0,0,0,0,0.0,0,0,0,0,0,0,0,0,0,0,0,0,0,0,0,0,0,0,0,0,0,0,0,0,0,0,0,0.0,0
4629,Cosmic Drive,3000,250,0,0,0,0,0,0.0,0,0,0,0,0,0,0,0,0,0,0,0,0,0,0,80,0,0,0,0,0.05,0,0,0.0,0,0,0,0,0.0,0,0,0,0,0,0,0,0,0,0,0,0,0,0,0,0,0,0,0,0,0,0,0,0,0,0,0,0.0,0
4630,Blighting Jewel,1100,0,0,0,0,0,0,0.0,0,0,0,0,0,0,0,0,0,0,0,0,0,0,0,25,0,0,0,0,0.0,0,0,0.0,0,0,0,0,0.0,0,0,0,0,0,0,0,0,0,0,0,0,0,0,0,0,0,0,0,0,0,0,0,0,0,0,0,0.0,0
4632,Verdant Barrier,1800,0,0,0,0,0,0,0.0,0,0,0,0,0,0,0,0,0,0,0,0,0,0,0,40,0,0,0,0,0.0,0,0,0.0,0,0,0,0,0.0,0,0,0,0,0,0,0,30,0,0,0,0,0,0,0,0,0,0,0,0,0,0,0,0,0,0,0,0.0,0
4633,Riftmaker,3000,350,0,0,0,0,0,0.0,0,0,0,0,0,0,0,0,0,0,0,0,0,0,0,80,0,0,0,0,0.0,0,0,0.0,0,0,0,0,0.0,0,0,0,0,0,0,0,0,0,0,0,0,0,0,0,0,0,0,0,0,0,0,0,0,0,0,0,0.0,0
4638,Watchful Wardstone,1100,150,0,0,0,0,0,0.0,0,0,0,0,0,10,0,0,0,0,0,0,0,0,0,0,0,0,0,0,0.0,0,0,0.0,0,0,0,0,0.0,0,0,0,0,0,0,0,15,0,0,0,0,0,0,0,0,0,0,0,0,0,0,0,0,0,0,0,0.0,0
4642,Bandleglass Mirror,1000,0,0,0,0,0,0,0.0,0,0,0,0,0,0,0,0,0,0,0,0,0,0,0,20,0,0,0,0,0.0,0,0,0.0,0,0,0,0,0.0,0,0,0,0,0,0,0,0,0,0,0,0,0,0,0,0,0,0,0,0,0,0,0,0,0,0,0,0.0,0
4643,Vigilant Wardstone,2300,250,0,0,0,0,0,0.0,0,0,0,0,0,25,0,0,0,0,0,0,0,0,0,0,0,0,0,0,0.0,0,0,0.0,0,0,0,0,0.0,0,0,0,0,0,0,0,30,0,0,0,0,0,0,0,0,0,0,0,0,0,0,0,0,0,0,0,0.0,0
4645,Shadowflame,3200,0,0,0,0,0,0,0.0,0,0,0,0,0,0,0,0,0,0,0,0,0,0,0,120,0,0,0,0,0.0,0,0,0.0,0,0,0,0,0.0,0,0,0,0,0,0,0,0,0,0,0,0,0,0,0,0,0,0,0,0,0,0,0,0,0,0,0,0.0,0
4646,Stormsurge,2900,0,0,0,0,0,0,0.0,0,0,0,0,0,0,0,0,0,0,0,0,0,0,0,100,0,0,0,0,0.05,0,0,0.0,0,0,0,0,0.0,0,0,0,0,0,0,0,0,0,0,0,0,0,0,0,0,0,0,0,0,0,0,0,0,0,0,0,0.0,0
6333,Death's Dance,3200,0,0,0,0,0,0,0.0,0,0,0,0,0,40,0,0,0,0,0,0,55,0,0,0,0,0,0,0,0.0,0,0,0.0,0,0,0,0,0.0,0,0,0,0,0,0,0,0,0,0,0,0,0,0,0,0,0,0,0,0,0,0,0,0,0,0,0,0.0,0
6609,Chempunk Chainsword,2800,250,0,0,0,0,0,0.0,0,0,0,0,0,0,0,0,0,0,0,0,55,0,0,0,0,0,0,0,0.0,0,0,0.0,0,0,0,0,0.0,0,0,0,0,0,0,0,0,0,0,0,0,0,0,0,0,0,0,0,0,0,0,0,0,0,0,0,0.0,0
6610,Sundered Sky,3100,300,0,0,0,0,0,0.0,0,0,0,0,0,0,0,0,0,0,0,0,55,0,0,0,0,0,0,0,0.0,0,0,0.0,0,0,0,0,0.0,0,0,0,0,0,0,0,0,0,0,0,0,0,0,0,0,0,0,0,0,0,0,0,0,0,0,0,0.0,0
6616,Staff of Flowing Water,2300,0,0,0,0,0,0,0.0,0,0,0,0,0,0,0,0,0,0,0,0,0,0,0,40,0,0,0,0,0.0,0,0,0.0,0,0,0,0,0.0,0,0,0,0,0,0,0,0,0,0,0,0,0,0,0,0,0,0,0,0,0,0,0,0,0,0,0,0.0,0
6617,Moonstone Renewer,2200,250,0,0,0,0,0,0.0,0,0,0,0,0,0,0,0,0,0,0,0,0,0,0,30,0,0,0,0,0.0,0,0,0.0,0,0,0,0,0.0,0,0,0,0,0,0,0,0,0,0,0,0,0,0,0,0,0,0,0,0,0,0,0,0,0,0,0,0.0,0
6620,Echoes of Helia,2200,200,0,0,0,0,0,0.0,0,0,0,0,0,0,0,0,0,0,0,0,0,0,0,40,0,0,0,0,0.0,0,0,0.0,0,0,0,0,0.0,0,0,0,0,0,0,0,0,0,0,0,0,0,0,0,0,0,0,0,0,0,0,0,0,0,0,0,0.0,0
6621,Dawncore,2700,0,0,0,0,0,0,0.0,0,0,0,0,0,0,0,0,0,0,0,0,0,0,0,40,0,0,0,0,0.0,0,0,0.0,0,0,0,0,0.0,0,0,0,0,0,0,0,0,0,0,0,0,0,0,0,0,0,0,0,0,0,0,0,0,0,0,0,0.0,0
6631,Stridebreaker,3100,400,0,0,0,0,0,0.0,0,0,0,0,0,0,0,0,0,0,0,0,50,0,0,0,0,0,0,0,0.0,0,0,0.2,0,0,0,0,0.0,0,0,0,0,0,0,0,0,0,0,0,0,0,0,0,0,0,0,0,0,0,0,0,0,0,0,0,0.0,0
6653,Liandry's Torment,3000,300,0,0,0,0,0,0.0,0,0,0,0,0,0,0,0,0,0,0,0,0,0,0,90,0,0,0,0,0.0,0,0,0.0,0,0,0,0,0.0,0,0,0,0,0,0,0,0,0,0,0,0,0,0,0,0,0,0,0,0,0,0,0,0,0,0,0,0.0,0
6655,Luden's Companion,3000,0,0,600,0,0,0,0.0,0,0,0,0,0,0,0,0,0,0,0,0,0,0,0,90,0,0,0,0,0.0,0,0,0.0,0,0,0,0,0.0,0,0,0,0,0,0,0,0,0,0,0,0,0,0,0,0,0,0,0,0,0,0,0,0,0,0,0,0.0,0
6657,Rod of Ages,2600,350,0,300,0,0,0,0.0,0,0,0,0,0,0,0,0,0,0,0,0,0,0,0,50,0,0,0,0,0.0,0,0,0.0,0,0,0,0,0.0,0,0,0,0,0,0,0,0,0,0,0,0,0,0,0,0,0,0,0,0,0,0,0,0,0,0,0,0.0,0
6660,Bami's Cinder,1000,300,0,0,0,0,0,0.0,0,0,0,0,0,0,0,0,0,0,0,0,0,0,0,0,0,0,0,0,0.0,0,0,0.0,0,0,0,0,0.0,0,0,0,0,0,0,0,0,0,0,0,0,0,0,0,0,0,0,0,0,0,0,0,0,0,0,0,0.0,0
6662,Iceborn Gauntlet,2600,300,0,0,0,0,0,0.0,0,0,0,0,0,50,0,0,0,0,0,0,0,0,0,0,0,0,0,0,0.0,0,0,0.0,0,0,0,0,0.0,0,0,0,0,0,0,0,0,0,0,0,0,0,0,0,0,0,0,0,0,0,0,0,0,0,0,0,0.0,0
6664,Hollow Radiance,2800,600,0,0,0,0,0,0.0,0,0,0,0,0,0,0,0,0,0,0,0,0,0,0,0,0,0,0,0,0.0,0,0,0.0,0,0,0,0,0.0,0,0,0,0,0,0,0,40,0,0,0,0,0,0,0,0,0,0,0,0,0,0,0,0,0,0,0,0.0,0
6665,"Jak'Sho, The Protean",3200,300,0,0,0,0,0,0.0,0,0,0,0,0,50,0,0,0,0,0,0,0,0,0,0,0,0,0,0,0.0,0,0,0.0,0,0,0,0,0.0,0,0,0,0,0,0,0,50,0,0,0,0,0,0,0,0,0,0,0,0,0,0,0,0,0,0,0,0.0,0
6670,Noonquiver,1300,0,0,0,0,0,0,0.0,0,0,0,0,0,0,0,0,0,0,0,0,30,0,0,0,0,0,0,0,0.0,0,0,0.15,0,0,0,0,0.0,0,0,0,0,0,0,0,0,0,0,0,0,0,0,0,0,0,0,0,0,0,0,0,0,0,0,0,0.0,0
6672,Kraken Slayer,3000,0,0,0,0,0,0,0.0,0,0,0,0,0,0,0,0,0,0,0,0,40,0,0,0,0,0,0,0,0.0,0,0,0.35,0,0,0,0,0.2,0,0,0,0,0,0,0,0,0,0,0,0,0,0,0,0,0,0,0,0,0,0,0,0,0,0,0,0.0,0
6673,Immortal Shieldbow,3000,0,0,0,0,0,0,0.0,0,0,0,0,0,0,0,0,0,0,0,0,50,0,0,0,0,0,0,0,0.0,0,0,0.0,0,0,0,0,0.2,0,0,0,0,0,0,0,0,0,0,0,0,0,0,0,0,0,0,0,0,0,0,0,0,0,0,0,0.12,0
6675,Navori Quickblades,3300,0,0,0,0,0,0,0.0,0,0,0,0,0,0,0,0,0,0,0,0,60,0,0,0,0,0,0,0,0.0,0,0,0.0,0,0,0,0,0.2,0,0,0,0,0,0,0,0,0,0,0,0,0,0,0,0,0,0,0,0,0,0,0,0,0,0,0,0.0,0
6676,The Collector,3000,0,0,0,0,0,0,0.0,0,0,0,0,0,0,0,0,0,0,0,0,60,0,0,0,0,0,0,0,0.0,0,0,0.0,0,0,0,0,0.2,0,0,0,0,0,0,0,0,0,0,0,0,0,0,0,0,0,0,0,0,0,0,0,0,0,0,0,0.0,0
6690,Rectrix,900,0,0,0,0,0,0,0.0,0,0,0,0,0,0,0,0,0,0,0,0,20,0,0,0,0,0,0,0,0.04,0,0,0.0,0,0,0,0,0.0,0,0,0,0,0,0,0,0,0,0,0,0,0,0,0,0,0,0,0,0,0,0,0,0,0,0,0,0.0,0
6692,Eclipse,2800,0,0,0,0,0,0,0.0,0,0,0,0,0,0,0,0,0,0,0,0,70,0,0,0,0,0,0,0,0.0,0,0,0.0,0,0,0,0,0.0,0,0,0,0,0,0,0,0,0,0,0,0,0,0,0,0,0,0,0,0,0,0,0,0,0,0,0,0.0,0
6694,Serylda's Grudge,3200,0,0,0,0,0,0,0.0,0,0,0,0,0,0,0,0,0,0,0,0,45,0,0,0,0,0,0,0,0.0,0,0,0.0,0,0,0,0,0.0,0,0,0,0,0,0,0,0,0,0,0,0,0,0,0,0,0,0,0,0,0,0,0,0,0,0,0,0.0,0
6695,Serpent's Fang,2500,0,0,0,0,0,0,0.0,0,0,0,0,0,0,0,0,0,0,0,0,55,0,0,0,0,0,0,0,0.0,0,0,0.0,0,0,0,0,0.0,0,0,0,0,0,0,0,0,0,0,0,0,0,0,0,0,0,0,0,0,0,0,0,0,0,0,0,0.0,0
6696,Axiom Arc,3000,0,0,0,0,0,0,0.0,0,0,0,0,0,0,0,0,0,0,0,0,55,0,0,0,0,0,0,0,0.0,0,0,0.0,0,0,0,0,0.0,0,0,0,0,0,0,0,0,0,0,0,0,0,0,0,0,0,0,0,0,0,0,0,0,0,0,0,0.0,0
6697,Hubris,3000,0,0,0,0,0,0,0.0,0,0,0,0,0,0,0,0,0,0,0,0,60,0,0,0,0,0,0,0,0.0,0,0,0.0,0,0,0,0,0.0,0,0,0,0,0,0,0,0,0,0,0,0,0,0,0,0,0,0,0,0,0,0,0,0,0,0,0,0.0,0
6698,Profane Hydra,3400,0,0,0,0,0,0,0.0,0,0,0,0,0,0,0,0,0,0,0,0,60,0,0,0,0,0,0,0,0.0,0,0,0.0,0,0,0,0,0.0,0,0,0,0,0,0,0,0,0,0,0,0,0,0,0,0,0,0,0,0,0,0,0,0,0,0,0,0.0,0
6699,Voltaic Cyclosword,2900,0,0,0,0,0,0,0.0,0,0,0,0,0,0,0,0,0,0,0,0,55,0,0,0,0,0,0,0,0.0,0,0,0.0,0,0,0,0,0.0,0,0,0,0,0,0,0,0,0,0,0,0,0,0,0,0,0,0,0,0,0,0,0,0,0,0,0,0.0,0
6701,Opportunity,2700,0,0,0,0,0,0,0.0,0,0,0,0,0,0,0,0,0,0,0,0,55,0,0,0,0,0,0,0,0.05,0,0,0.0,0,0,0,0,0.0,0,0,0,0,0,0,0,0,0,0,0,0,0,0,0,0,0,0,0,0,0,0,0,0,0,0,0,0.0,0
8001,Anathema's Chains,2500,650,0,0,0,0,0,0.0,0,0,0,0,0,0,0,0,0,0,0,0,0,0,0,0,0,0,0,0,0.0,0,0,0.0,0,0,0,0,0.0,0,0,0,0,0,0,0,0,0,0,0,0,0,0,0,0,0,0,0,0,0,0,0,0,0,0,0,0.0,0
8020,Abyssal Mask,2400,300,0,0,0,0,0,0.0,0,0,0,0,0,0,0,0,0,0,0,0,0,0,0,0,0,0,0,0,0.0,0,0,0.0,0,0,0,0,0.0,0,0,0,0,0,0,0,60,0,0,0,0,0,0,0,0,0,0,0,0,0,0,0,0,0,0,0,0.0,0
